Argument ID	Personal focus	Social focus
A01001	0	1
A01002	0	1
A01003	1	0
A01004	1	0
A01005	1	0
A01006	1	1
A01007	0	1
A01008	1	1
A01009	0	1
A01010	1	1
A01011	1	1
A01012	0	1
A01013	1	0
A01014	0	1
A01015	1	1
A01016	0	1
A01017	1	1
A01018	1	1
A01019	1	1
A01020	1	0
A02001	1	1
A02002	1	0
A02003	1	1
A02004	0	1
A02005	1	1
A02006	1	0
A02007	0	1
A02008	0	1
A02009	0	1
A02010	0	1
A02011	0	1
A02012	1	1
A02013	0	1
A02014	1	1
A02015	1	0
A02016	0	1
A02017	0	1
A02018	0	1
A02019	0	1
A02020	1	1
A03001	0	1
A03002	0	1
A03003	1	1
A03004	0	1
A03005	0	1
A03006	0	1
A03007	1	1
A03008	0	1
A03009	1	0
A03010	1	1
A03011	1	0
A03012	0	1
A03013	1	0
A03014	0	1
A03015	0	1
A03016	0	1
A03017	1	1
A03018	1	0
A03019	0	1
A03020	1	1
A04001	0	1
A04002	1	0
A04003	1	0
A04004	0	1
A04005	1	1
A04006	0	1
A04007	1	1
A04008	1	1
A04009	1	0
A04010	0	1
A04011	1	0
A04012	1	1
A04013	0	1
A04014	0	1
A04015	0	1
A04016	1	0
A04017	0	1
A04018	1	0
A04019	1	0
A04020	0	1
A05001	1	1
A05002	1	1
A05003	1	1
A05004	1	1
A05005	0	1
A05006	1	1
A05007	1	1
A05008	1	1
A05009	1	1
A05010	1	0
A05011	0	1
A05012	0	1
A05013	0	1
A05014	0	1
A05015	1	1
A05016	0	1
A05017	1	1
A05018	1	1
A05019	0	1
A05020	1	1
A05021	0	1
A05022	1	1
A05023	0	1
A05024	1	1
A05025	1	1
A05026	1	1
A05027	1	0
A05028	1	1
A05029	1	1
A05030	1	1
A05031	1	1
A05032	0	1
A05033	0	1
A05034	0	1
A05035	1	1
A05036	1	1
A05037	1	0
A05038	1	0
A05043	0	1
A05045	0	1
A05048	1	1
A05049	1	1
A05050	1	0
A05052	0	1
A05053	1	1
A05054	0	1
A05055	0	1
A05056	0	1
A05057	1	1
A05058	1	1
A05059	1	1
A05062	0	1
A05063	1	1
A05064	0	1
A05065	1	1
A05066	1	1
A05067	1	1
A05069	1	1
A05071	0	1
A05072	1	1
A05073	0	1
A05074	1	1
A05075	1	1
A05076	1	0
A05077	1	0
A05078	1	1
A05079	0	1
A05080	1	0
A05081	0	1
A05082	1	1
A05083	1	1
A05084	1	1
A05086	1	1
A05087	1	0
A05088	1	0
A05090	1	0
A05091	1	0
A05092	1	0
A05093	1	0
A05095	1	1
A05096	1	1
A05097	0	1
A05098	1	1
A05099	0	1
A05100	1	1
A06001	0	1
A06002	0	1
A06003	1	0
A06004	1	0
A06005	1	0
A06006	0	1
A06007	1	1
A06008	0	1
A06010	1	0
A06011	1	1
A06012	1	0
A06013	0	1
A06014	0	1
A06015	1	0
A06016	0	1
A06019	0	1
A06020	1	1
A07001	1	1
A07002	1	1
A07003	1	1
A07004	1	1
A07008	1	1
A07009	1	1
A07010	0	1
A07011	1	1
A07012	1	1
A07013	1	1
A07014	0	1
A07015	1	1
A07016	0	1
A07018	1	1
A07019	1	1
A07020	0	1
A07021	1	1
A07022	0	1
A07023	1	1
A07024	1	1
A07025	1	1
A07026	1	1
A07027	1	1
A07028	1	1
A07029	1	1
A07030	0	1
A07031	1	0
A07032	1	1
A07033	1	1
A07034	1	1
A07035	1	1
A07037	1	1
A07038	1	1
A07040	1	1
A07042	0	1
A07043	1	1
A07044	0	1
A07045	1	1
A07046	1	1
A07048	1	1
A07049	1	1
A07050	1	0
A07051	1	1
A07052	1	1
A07053	1	1
A07054	1	1
A07055	1	1
A07056	0	1
A07058	1	1
A07059	1	1
A07060	1	1
A07061	1	1
A07062	1	1
A07063	0	1
A07065	0	1
A07066	1	1
A07068	1	0
A07069	1	1
A07070	1	1
A07071	1	1
A07073	1	1
A07074	1	1
A07075	1	1
A07076	1	1
A07077	1	1
A07078	1	1
A07079	1	1
A07080	0	1
A07081	1	1
A07082	0	1
A07084	0	1
A07085	1	1
A07086	1	1
A07087	1	1
A07088	1	1
A07089	1	0
A07090	1	1
A07092	1	1
A07093	1	1
A07094	1	0
A07096	1	1
A07097	1	1
A07098	1	1
A07099	1	1
A07100	0	1
A08001	0	1
A08002	1	1
A08003	1	1
A08004	1	1
A08005	1	1
A08007	1	0
A08008	0	1
A08009	0	1
A08011	0	1
A08012	0	1
A08013	1	1
A08014	0	1
A08016	1	0
A08018	0	1
A08019	1	1
A08020	0	1
A09001	1	1
A09002	1	0
A09003	1	1
A09004	1	0
A09005	1	1
A09006	1	1
A09007	1	1
A09008	1	0
A09009	1	1
A09011	0	1
A09012	0	1
A09013	1	1
A09015	1	1
A09016	1	1
A09017	1	1
A09019	0	1
A09020	0	1
A09021	1	1
A09022	0	1
A09023	0	1
A09024	1	0
A09026	1	1
A09027	1	1
A09028	1	1
A09029	0	1
A09030	1	1
A09031	1	1
A09032	1	1
A09035	1	1
A09036	1	1
A09037	1	1
A09038	0	1
A09040	0	1
A09041	0	1
A09042	1	1
A09043	1	1
A09044	1	1
A09045	1	1
A09046	1	1
A09047	1	1
A09048	1	1
A09049	1	1
A09050	0	1
A09051	0	1
A09052	1	1
A09053	1	1
A09054	1	1
A09055	1	1
A09056	1	1
A09057	1	1
A09058	0	1
A09059	1	1
A09060	1	1
A09063	0	1
A09064	1	0
A09065	1	0
A09066	1	0
A09067	1	1
A09068	1	0
A09070	1	1
A09071	1	1
A09072	1	1
A09073	1	1
A09074	1	1
A09075	1	1
A09076	1	1
A09078	1	1
A09079	1	1
A09080	1	1
A09082	1	1
A09083	1	1
A09084	1	1
A09085	1	1
A09086	1	1
A09087	0	1
A09089	1	1
A09090	0	1
A09091	1	1
A09092	1	1
A09093	1	1
A09094	1	1
A09095	1	1
A09096	1	1
A09097	1	1
A10001	0	1
A10002	1	1
A10003	1	1
A10004	1	1
A10005	1	0
A10006	0	1
A10007	1	0
A10008	0	1
A10009	1	1
A10010	0	1
A10012	0	1
A10013	1	1
A10014	0	1
A10015	0	1
A10017	1	0
A10018	1	1
A10019	1	1
A10020	0	1
A12002	1	1
A12004	1	1
A12005	0	1
A12006	1	1
A12007	0	1
A12008	0	1
A12009	1	1
A12010	1	1
A12011	1	1
A12013	0	1
A12014	1	0
A12015	1	0
A12016	1	1
A12017	1	1
A12019	1	0
A12020	1	1
A12021	1	1
A12024	1	1
A12025	0	1
A12026	1	1
A12027	1	0
A12028	1	1
A12029	1	1
A12030	1	0
A12031	0	1
A12032	1	1
A12033	0	1
A12034	1	1
A12035	1	1
A12036	1	1
A12037	0	1
A12038	0	1
A12039	1	1
A12041	1	1
A12042	1	1
A12043	1	0
A12045	1	1
A12046	1	1
A12047	1	1
A12048	1	1
A12049	1	0
A12050	0	1
A12051	0	1
A12053	1	1
A12054	1	1
A12055	1	1
A12056	0	1
A12057	1	1
A12058	1	1
A12059	1	1
A12060	1	0
A12062	1	1
A12063	1	1
A12064	1	1
A12065	0	1
A12066	1	1
A12067	0	1
A12070	0	1
A12071	0	1
A12072	1	0
A12073	0	1
A12074	1	1
A12075	1	0
A12076	0	1
A12078	1	1
A12080	1	1
A12081	1	1
A12082	1	0
A12083	1	0
A12084	1	1
A12086	1	1
A12087	1	1
A12088	0	1
A12089	0	1
A12091	1	1
A12092	1	1
A12093	0	1
A12094	1	0
A12095	1	1
A12096	1	1
A12097	1	1
A12098	1	1
A12099	1	0
A12100	1	1
A12101	0	1
A12102	1	1
A12103	1	1
A12104	1	1
A12105	1	1
A12106	1	1
A12107	1	1
A12109	1	1
A12110	0	1
A12111	1	1
A12112	1	1
A12113	1	1
A12114	0	1
A12116	1	1
A12117	1	1
A12118	0	1
A12119	1	0
A12120	0	1
A12122	1	1
A12123	1	1
A12124	1	1
A12125	1	1
A12126	0	1
A12127	1	1
A12128	1	1
A12129	1	1
A12130	0	1
A12131	1	0
A12132	1	1
A12133	1	1
A12134	0	1
A12135	0	1
A12136	0	1
A12137	1	1
A12139	1	1
A12140	1	1
A12141	0	1
A12142	0	1
A12144	1	0
A12146	1	1
A12147	1	1
A12148	1	0
A12153	1	1
A12155	0	1
A12156	1	1
A12157	1	1
A12158	0	1
A12159	0	1
A12160	0	1
A12161	1	1
A12162	1	0
A12163	1	0
A12164	0	1
A12165	1	1
A12166	1	1
A12167	1	1
A12168	1	1
A12170	1	1
A12171	0	1
A12173	1	1
A12174	0	1
A12175	1	1
A12176	1	1
A12177	1	0
A12178	1	0
A12179	1	1
A12180	1	1
A12181	1	1
A12182	1	1
A12184	1	1
A12185	0	1
A12187	0	1
A12188	0	1
A12190	0	1
A12191	1	1
A12192	1	1
A12193	0	1
A12194	1	1
A12195	1	1
A12197	1	1
A12198	1	1
A12201	1	1
A12202	1	1
A12204	0	1
A12205	0	1
A12206	0	1
A12208	1	0
A12209	0	1
A12210	1	1
A12211	1	1
A12212	1	1
A12214	1	1
A12215	0	1
A12217	0	1
A12218	0	1
A12219	0	1
A12220	1	0
A12221	1	1
A12222	1	1
A12223	0	1
A12224	1	1
A12225	1	1
A12226	1	1
A12228	1	1
A12229	1	1
A12230	1	1
A12231	0	1
A12232	1	1
A12236	1	0
A12237	1	1
A12238	1	0
A12239	1	1
A12240	1	1
A12241	1	1
A12243	1	1
A12244	1	1
A12246	1	1
A12247	1	1
A12248	1	1
A12249	1	1
A12251	1	0
A12252	1	0
A12253	0	1
A12254	1	0
A12255	1	1
A12256	1	1
A12257	0	1
A12258	1	1
A12259	1	1
A12260	1	1
A12261	1	1
A12262	1	1
A12263	0	1
A12265	1	1
A12266	1	1
A12267	1	1
A12268	1	1
A12269	0	1
A12270	0	1
A12271	0	1
A12273	1	1
A12274	1	1
A12275	0	1
A12276	1	0
A12277	1	1
A12278	0	1
A12279	1	1
A12280	1	0
A12281	1	1
A12282	1	1
A12283	1	0
A12284	1	1
A12286	1	1
A12287	1	1
A12288	1	0
A12289	0	1
A12290	0	1
A12292	1	0
A12293	1	1
A12295	1	0
A12296	1	1
A12297	0	1
A12298	1	1
A12299	0	1
A12300	1	1
A12301	0	1
A12302	0	1
A12303	1	1
A12304	1	1
A12305	1	1
A12306	1	1
A12307	1	1
A12308	1	1
A12309	1	1
A12310	1	1
A12311	1	1
A12313	1	1
A12315	0	1
A12316	1	1
A12317	1	1
A12318	1	1
A12319	1	1
A12320	1	1
A12321	1	1
A12322	1	1
A12323	1	1
A12324	1	1
A12325	1	1
A12326	1	1
A12327	1	1
A12328	1	1
A12329	1	1
A12330	1	1
A12332	1	1
A12333	0	1
A12334	1	1
A12335	0	1
A12336	1	1
A12337	0	1
A12338	0	1
A12340	0	1
A12341	0	1
A12343	1	1
A12344	0	1
A12345	0	1
A12347	1	1
A12348	1	1
A12349	1	1
A12351	1	0
A12352	1	1
A12353	0	1
A12354	0	1
A12355	1	1
A12356	1	1
A12357	1	1
A12358	1	1
A12359	1	1
A12360	1	1
A12363	1	1
A12364	1	0
A12365	1	1
A12366	0	1
A12367	1	1
A12368	1	1
A12369	1	1
A12370	1	1
A12372	0	1
A12374	0	1
A12376	1	1
A12377	0	1
A12379	0	1
A12380	0	1
A12381	1	1
A12385	1	1
A12386	1	1
A12387	1	1
A12388	1	1
A12389	1	1
A12390	1	0
A12391	1	1
A12392	1	1
A12393	1	1
A12394	1	1
A12396	1	1
A12397	0	1
A12398	1	1
A12400	1	1
A12402	1	1
A12403	1	1
A12404	1	0
A12405	1	1
A12406	1	1
A12407	1	1
A12408	1	1
A12409	0	1
A12410	1	1
A12411	1	1
A12412	1	1
A12413	1	1
A12414	0	1
A12415	1	1
A12416	1	1
A12417	1	0
A12418	0	1
A12419	0	1
A12420	1	1
A12421	1	1
A12422	0	1
A12423	1	1
A12424	1	1
A12425	1	1
A12426	0	1
A12427	0	1
A12428	1	1
A12429	1	0
A12431	1	1
A12432	1	1
A12433	1	1
A12434	0	1
A12435	0	1
A12436	0	1
A12437	1	1
A12438	1	1
A12439	1	1
A12440	1	1
A12441	1	1
A12442	1	1
A12443	1	1
A12444	0	1
A12445	1	1
A12446	1	0
A12447	1	1
A12448	1	0
A12450	0	1
A12451	1	1
A12452	0	1
A12453	1	1
A12454	1	0
A12456	1	0
A12457	1	0
A12458	0	1
A12459	0	1
A12460	1	1
A12461	1	0
A12462	0	1
A12464	0	1
A12465	0	1
A12466	1	1
A12467	1	0
A12468	1	1
A12469	1	0
A12470	1	0
A12472	0	1
A12473	1	1
A12474	1	1
A12475	1	1
A12476	0	1
A12477	1	1
A12478	1	1
A12479	1	0
A12481	1	1
A12484	1	1
A12485	0	1
A12487	1	1
A12488	1	1
A12489	1	1
A12490	1	1
A12491	1	1
A12492	1	1
A12494	1	1
A12496	1	1
A12497	1	1
A12498	1	1
A12499	1	0
A12500	1	1
A13001	1	1
A13002	1	1
A13003	1	0
A13004	1	1
A13005	0	1
A13006	1	0
A13007	1	1
A13008	0	1
A13009	0	1
A13011	1	0
A13012	1	0
A13013	0	1
A13014	0	1
A13017	1	1
A13018	0	1
A13019	0	1
A13020	1	0
A14001	0	1
A14002	1	1
A14003	1	1
A14005	1	1
A14006	1	1
A14007	1	1
A14008	1	1
A14010	1	1
A14011	1	0
A14013	0	1
A14014	1	1
A14015	0	1
A14017	1	0
A14018	1	1
A14019	0	1
A14020	1	1
A15001	1	0
A15002	1	0
A15003	1	0
A15004	1	1
A15006	1	1
A15007	1	1
A15008	1	1
A15009	1	1
A15010	1	0
A15011	0	1
A15013	1	1
A15014	1	1
A15015	0	1
A15017	1	1
A15019	1	0
A15020	1	0
A17002	1	1
A17003	1	1
A17004	1	1
A17006	1	1
A17007	1	1
A17008	1	1
A17009	1	0
A17011	1	1
A17013	1	1
A17014	1	1
A17015	1	1
A17016	1	1
A17017	1	1
A17018	0	1
A17019	1	0
A18001	1	1
A18002	0	1
A18003	1	1
A18004	0	1
A18005	1	1
A18006	1	1
A18007	1	0
A18008	1	1
A18009	1	1
A18010	0	1
A18011	1	1
A18012	1	1
A18013	1	1
A18014	1	1
A18015	1	1
A18016	0	1
A18017	1	1
A18018	1	1
A18019	1	1
A18020	0	1
A18021	1	1
A18022	1	0
A18023	1	1
A18024	1	1
A18025	1	1
A18026	1	0
A18027	1	1
A18028	1	1
A18029	1	1
A18030	1	1
A18032	1	1
A18033	0	1
A18034	1	0
A18036	1	1
A18037	0	1
A18039	1	1
A18040	1	1
A18041	0	1
A18042	1	1
A18043	1	0
A18044	1	1
A18045	1	1
A18046	1	1
A18047	0	1
A18049	0	1
A18050	1	0
A18051	1	1
A18052	1	1
A18053	1	0
A18054	0	1
A18056	1	1
A18057	0	1
A18058	0	1
A18059	1	1
A18060	1	1
A18061	1	1
A18062	1	1
A18064	1	1
A18065	1	1
A18066	0	1
A18067	1	1
A18069	1	1
A18070	1	1
A18071	1	1
A18072	1	1
A18073	0	1
A18074	1	1
A18075	1	1
A18076	1	1
A18077	0	1
A18078	0	1
A18079	1	1
A18080	1	0
A18081	1	1
A18082	0	1
A18083	1	1
A18085	1	1
A18086	1	1
A18087	1	1
A18088	0	1
A18089	1	1
A18090	1	1
A18091	1	1
A18092	1	1
A18093	1	1
A18094	1	1
A18095	1	0
A18096	1	1
A18097	0	1
A18098	0	1
A18099	1	0
A18101	1	1
A18102	0	1
A18103	0	1
A18104	1	1
A18105	1	1
A18106	1	1
A18107	1	1
A18108	1	1
A18109	1	1
A18110	1	1
A18111	0	1
A18112	1	1
A18113	1	1
A18116	0	1
A18117	1	0
A18118	0	1
A18120	0	1
A18122	1	1
A18124	1	1
A18125	1	1
A18126	0	1
A18127	1	1
A18128	1	1
A18129	1	1
A18130	1	1
A18131	1	1
A18132	1	1
A18133	1	1
A18134	0	1
A18135	1	1
A18136	1	0
A18137	1	1
A18138	1	1
A18139	1	1
A18140	1	1
A18141	1	0
A18142	1	1
A18143	1	1
A18144	1	1
A18146	1	1
A18147	1	1
A18148	1	1
A18149	0	1
A18150	1	1
A18151	1	1
A18152	1	1
A18153	0	1
A18155	1	1
A18156	1	1
A18157	0	1
A18160	1	1
A18162	1	1
A18163	0	1
A18164	1	1
A18165	1	1
A18166	1	1
A18167	0	1
A18168	1	0
A18169	1	1
A18170	1	1
A18171	1	1
A18172	1	1
A18173	1	1
A18174	1	1
A18175	1	1
A18176	1	1
A18177	1	1
A18178	1	1
A18179	1	1
A18180	0	1
A18181	0	1
A18182	1	1
A18184	1	1
A18185	0	1
A18187	0	1
A18188	1	1
A18189	0	1
A18190	0	1
A18191	0	1
A18192	1	1
A18194	1	1
A18195	0	1
A18196	1	1
A18197	1	1
A18198	1	1
A18200	1	1
A18201	1	1
A18202	1	1
A18204	0	1
A18205	0	1
A18207	1	0
A18208	0	1
A18210	1	1
A18211	1	1
A18212	1	1
A18214	1	1
A18216	1	0
A18217	1	1
A18218	1	1
A18219	1	1
A18220	1	1
A18221	0	1
A18222	1	1
A18223	1	1
A18224	1	1
A18225	0	1
A18226	1	1
A18229	1	0
A18230	0	1
A18232	0	1
A18233	1	1
A18234	0	1
A18235	1	1
A18236	1	1
A18237	1	1
A18238	1	1
A18239	1	1
A18240	1	0
A18241	1	1
A18242	0	1
A18243	1	1
A18245	1	1
A18246	1	1
A18247	1	1
A18248	1	1
A18249	1	1
A18250	1	1
A18251	1	1
A18252	0	1
A18255	0	1
A18257	1	1
A18259	1	1
A18260	1	1
A18262	1	1
A18265	0	1
A18266	1	1
A18267	1	1
A18268	0	1
A18269	1	1
A18270	1	1
A18272	1	1
A18273	1	1
A18274	1	1
A18276	0	1
A18277	1	1
A18278	1	1
A18279	1	1
A18280	1	1
A18281	1	1
A18282	1	1
A18284	1	1
A18285	1	1
A18286	1	1
A18287	1	1
A18288	1	1
A18289	1	1
A18290	1	1
A18291	1	1
A18292	1	1
A18293	1	1
A18294	1	1
A18295	0	1
A18296	1	1
A18297	1	1
A18298	1	0
A18299	1	1
A18300	1	1
A18301	1	1
A18302	1	1
A18304	1	1
A18305	0	1
A18306	1	0
A18308	1	1
A18309	1	1
A18310	0	1
A18311	1	1
A18313	1	1
A18314	1	1
A18315	1	1
A18316	1	1
A18317	1	1
A18318	1	1
A18320	1	1
A18321	1	1
A18322	1	1
A18324	1	1
A18325	1	0
A18326	1	1
A18327	1	1
A18328	1	1
A18329	1	1
A18330	1	1
A18331	1	1
A18334	1	1
A18335	0	1
A18336	1	1
A18337	1	1
A18339	1	1
A18340	1	1
A18341	1	1
A18343	1	1
A18344	1	1
A18345	1	1
A18346	1	1
A18348	1	1
A18349	0	1
A18350	1	1
A18351	1	1
A18353	1	1
A18354	1	1
A18355	1	1
A18356	1	1
A18357	0	1
A18358	1	1
A18359	1	1
A18360	1	1
A18361	1	1
A18362	1	1
A18364	1	1
A18365	1	1
A18367	1	1
A18368	0	1
A18369	1	1
A18370	0	1
A18371	0	1
A18372	1	1
A18373	1	1
A18374	1	1
A18376	1	0
A18377	1	1
A18378	1	0
A18379	1	1
A18380	0	1
A18381	1	1
A18382	1	1
A18383	0	1
A18385	1	1
A18386	1	1
A18387	1	1
A18388	1	1
A18389	1	1
A18390	1	1
A18391	1	1
A18393	1	1
A18394	1	1
A18395	1	1
A18396	0	1
A18397	1	1
A18398	1	1
A18399	1	1
A18400	1	0
A18401	0	1
A18402	0	1
A18403	1	1
A18404	1	1
A18405	0	1
A18407	1	1
A18408	1	1
A18410	1	1
A18412	1	1
A18414	1	1
A18415	1	1
A18416	1	1
A18417	1	1
A18418	1	1
A18419	1	1
A18420	1	1
A18421	1	1
A18422	1	0
A18423	1	1
A18424	0	1
A18425	1	0
A18426	1	1
A18427	1	1
A18428	1	1
A18429	1	1
A18430	1	1
A18431	1	1
A18432	1	1
A18433	1	1
A18435	1	1
A18436	1	1
A18437	1	0
A18439	1	1
A18440	0	1
A18441	1	0
A18442	0	1
A18443	1	1
A18444	1	1
A18445	1	1
A18448	0	1
A18449	1	1
A18450	1	1
A18451	1	1
A18452	1	1
A18453	1	1
A18454	1	1
A18455	1	1
A18456	0	1
A18458	1	1
A18460	1	1
A18461	1	1
A18462	1	1
A18463	1	1
A18465	1	1
A18466	1	1
A18467	1	1
A18468	1	1
A18469	1	1
A18470	1	0
A18471	1	0
A18472	1	1
A18473	1	1
A18474	1	1
A18477	1	1
A18478	1	1
A18479	1	1
A18481	1	0
A18483	1	1
A18484	0	1
A18485	1	1
A18486	0	1
A18487	1	1
A18489	1	1
A18490	1	1
A18491	0	1
A18492	1	1
A18493	1	1
A18496	1	1
A18497	1	1
A18498	1	1
A18499	1	1
A18500	1	1
A19001	1	1
A19003	1	1
A19007	1	1
A19008	0	1
A19009	1	1
A19010	1	1
A19011	0	1
A19013	1	1
A19014	1	1
A19015	1	1
A19016	0	1
A19018	1	1
A19019	0	1
A19020	0	1
A19021	1	1
A19022	0	1
A19023	1	1
A19024	0	1
A19025	1	1
A19026	0	1
A19027	0	1
A19028	1	1
A19031	1	0
A19032	1	1
A19033	1	1
A19034	0	1
A19035	1	1
A19036	1	1
A19037	1	1
A19038	1	1
A19039	0	1
A19040	1	1
A19041	0	1
A19042	1	1
A19043	1	1
A19045	1	1
A19046	1	1
A19047	1	1
A19048	0	1
A19050	1	0
A19052	1	1
A19054	1	0
A19055	1	1
A19056	1	1
A19057	1	1
A19058	0	1
A19059	1	1
A19060	1	1
A19061	1	1
A19062	0	1
A19063	1	1
A19064	1	1
A19065	1	1
A19066	0	1
A19067	1	1
A19068	1	1
A19069	1	1
A19071	1	1
A19072	1	1
A19074	1	1
A19075	1	1
A19076	1	1
A19077	0	1
A19078	1	1
A19080	1	1
A19081	1	1
A19083	1	1
A19084	1	1
A19085	1	1
A19086	1	1
A19088	1	1
A19089	1	1
A19090	1	1
A19091	1	1
A19092	1	1
A19093	1	1
A19094	1	1
A19095	1	1
A19097	1	1
A19098	0	1
A19099	1	1
A19100	1	1
A19101	1	0
A19102	1	1
A19103	1	1
A19104	1	1
A19105	1	1
A19106	1	1
A19107	1	1
A19108	0	1
A19109	1	1
A19110	1	1
A19111	1	1
A19113	1	1
A19114	1	1
A19115	0	1
A19116	1	1
A19117	1	1
A19118	1	1
A19120	1	1
A19121	1	1
A19122	0	1
A19123	1	1
A19124	1	1
A19126	1	1
A19127	1	1
A19128	1	1
A19129	1	1
A19131	1	0
A19132	1	1
A19133	1	1
A19134	1	1
A19135	0	1
A19137	1	1
A19138	1	1
A19139	1	1
A19140	0	1
A19141	1	1
A19143	1	1
A19145	1	1
A19148	1	1
A19149	1	1
A19150	1	1
A19151	1	1
A19153	0	1
A19154	1	1
A19155	1	1
A19156	0	1
A19157	1	1
A19158	1	1
A19159	1	1
A19160	0	1
A19161	0	1
A19162	1	1
A19163	1	1
A19164	1	1
A19165	1	0
A19166	1	1
A19167	1	1
A19168	1	1
A19169	1	1
A19170	1	1
A19171	1	1
A19173	0	1
A19174	1	1
A19176	1	1
A19178	1	0
A19179	0	1
A19180	1	0
A19181	1	1
A19182	1	1
A19183	0	1
A19185	1	1
A19186	1	1
A19187	1	1
A19188	1	1
A19190	0	1
A19192	1	1
A19194	0	1
A19195	1	1
A19196	1	1
A19197	0	1
A19198	1	1
A19199	1	1
A19200	1	1
A19201	0	1
A19202	1	1
A19203	0	1
A19204	1	1
A19206	0	1
A19207	0	1
A19208	1	1
A19209	1	1
A19210	1	1
A19211	0	1
A19212	1	1
A19213	1	1
A19214	1	1
A19215	1	1
A19216	0	1
A19217	1	1
A19218	1	1
A19219	1	1
A19220	1	1
A19221	1	1
A19222	1	1
A19225	1	1
A19228	1	1
A19229	0	1
A19230	1	1
A19231	1	1
A19232	1	1
A19233	1	1
A19234	1	1
A19235	1	1
A19236	1	1
A19238	0	1
A19239	1	1
A19241	1	1
A19242	0	1
A19243	0	1
A19244	1	1
A19245	0	1
A19246	1	1
A19247	1	1
A19248	1	0
A19250	1	1
A19252	0	1
A19253	1	0
A19254	1	1
A19255	1	1
A19256	0	1
A19258	1	0
A19259	1	1
A19261	1	1
A19262	1	1
A19263	1	1
A19264	1	1
A19265	1	1
A19266	1	1
A19267	1	1
A19268	0	1
A19269	0	1
A19270	1	1
A19271	1	0
A19272	1	1
A19273	1	1
A19274	1	1
A19276	0	1
A19277	1	1
A19278	1	0
A19279	1	1
A19280	1	1
A19281	1	1
A19282	0	1
A19284	1	1
A19285	1	1
A19287	1	1
A19288	1	1
A19289	1	1
A19290	1	1
A19291	1	1
A19292	1	1
A19293	1	1
A19294	0	1
A19295	1	1
A19296	1	0
A19297	1	0
A19298	1	1
A19299	1	1
A19301	1	1
A19302	0	1
A19303	1	1
A19304	1	1
A19305	1	1
A19306	1	1
A19307	1	1
A19308	1	1
A19309	0	1
A19310	1	1
A19311	1	1
A19312	1	1
A19313	1	1
A19314	1	1
A19315	1	1
A19316	1	1
A19317	0	1
A19318	1	1
A19319	1	1
A19320	1	0
A19321	1	1
A19322	1	1
A19323	1	1
A19324	1	1
A19325	1	1
A19326	1	1
A19328	1	0
A19331	1	0
A19332	1	1
A19333	1	1
A19334	1	1
A19335	1	1
A19336	1	1
A19338	1	1
A19339	0	1
A19342	1	1
A19343	0	1
A19344	0	1
A19345	0	1
A19346	1	0
A19347	1	1
A19348	1	1
A19349	1	1
A19350	1	1
A19351	1	1
A19352	1	1
A19353	1	1
A19355	0	1
A19356	1	1
A19358	1	1
A19359	1	1
A19362	1	1
A19363	1	1
A19365	1	1
A19366	1	1
A19367	1	1
A19369	1	1
A19370	1	1
A19371	0	1
A19372	1	1
A19373	1	1
A19375	1	1
A19376	1	1
A19378	0	1
A19379	1	1
A19383	1	1
A19384	1	1
A19385	1	1
A19386	1	1
A19387	1	1
A19388	1	1
A19389	1	1
A19390	1	0
A19391	1	1
A19392	1	1
A19393	1	1
A19394	1	1
A19395	0	1
A19396	1	1
A19397	1	1
A19398	1	1
A19399	1	1
A19400	0	1
A19401	1	1
A19403	1	1
A19405	1	1
A19406	1	0
A19408	0	1
A19409	1	0
A19410	1	1
A19411	1	1
A19413	1	1
A19414	1	1
A19415	1	1
A19416	1	1
A19417	1	1
A19418	0	1
A19419	1	1
A19421	1	1
A19422	1	1
A19423	1	1
A19424	0	1
A19425	1	1
A19426	1	1
A19427	1	1
A19428	1	1
A19429	1	1
A19430	0	1
A19431	1	1
A19432	1	1
A19433	1	1
A19434	1	1
A19435	1	1
A19436	1	1
A19437	1	1
A19438	1	1
A19439	1	1
A19440	1	1
A19441	1	1
A19442	1	1
A19443	1	1
A19444	1	0
A19445	1	1
A19446	1	1
A19447	1	1
A19448	0	1
A19449	1	1
A19451	1	1
A19452	0	1
A19453	0	1
A19454	1	1
A19455	1	1
A19456	1	1
A19457	1	1
A19458	1	1
A19460	1	1
A19462	1	0
A19463	1	1
A19464	1	1
A19465	1	1
A19467	1	1
A19468	0	1
A19469	1	1
A19470	0	1
A19471	0	1
A19472	0	1
A19473	1	0
A19474	0	1
A19475	1	1
A19476	0	1
A19478	0	1
A19480	1	1
A19481	1	1
A19482	1	1
A19483	1	0
A19484	1	1
A19485	1	1
A19486	1	1
A19487	1	0
A19488	0	1
A19489	1	1
A19490	1	1
A19491	1	1
A19492	1	1
A19493	1	1
A19494	1	1
A19495	1	1
A19496	1	1
A19497	1	1
A19498	1	1
A19499	1	1
A19500	0	1
A20001	1	0
A20002	1	1
A20003	1	1
A20004	1	1
A20005	1	1
A20006	0	1
A20007	1	1
A20008	1	1
A20009	0	1
A20010	1	1
A20011	1	1
A20012	1	1
A20013	1	1
A20014	1	1
A20015	1	1
A20016	1	1
A20018	1	1
A20019	0	1
A20021	1	1
A20022	1	1
A20023	1	1
A20024	0	1
A20025	0	1
A20029	1	0
A20030	1	1
A20031	0	1
A20032	1	1
A20033	1	1
A20034	1	0
A20035	1	1
A20036	1	1
A20037	1	1
A20038	1	1
A20039	1	1
A20040	1	1
A20041	1	1
A20042	1	1
A20043	1	0
A20045	0	1
A20046	0	1
A20048	1	0
A20051	1	1
A20052	1	1
A20053	1	1
A20054	1	1
A20055	1	1
A20056	0	1
A20057	1	1
A20058	0	1
A20059	1	1
A20060	1	1
A20061	0	1
A20062	0	1
A20063	1	1
A20064	1	1
A20065	1	1
A20066	0	1
A20067	1	1
A20068	1	1
A20069	1	1
A20070	1	1
A20072	1	1
A20073	0	1
A20075	0	1
A20076	0	1
A20077	0	1
A20078	0	1
A20080	0	1
A20081	1	1
A20082	1	1
A20083	1	1
A20085	1	1
A20086	1	1
A20087	1	1
A20088	1	1
A20089	1	1
A20090	1	1
A20091	0	1
A20092	1	1
A20093	0	1
A20095	1	1
A20096	1	0
A20097	1	1
A20098	1	1
A20099	0	1
A20100	0	1
A20101	1	1
A20102	0	1
A20104	1	1
A20105	1	1
A20106	1	1
A20109	0	1
A20110	1	1
A20111	0	1
A20112	1	1
A20113	1	1
A20114	0	1
A20115	1	1
A20116	1	1
A20117	1	1
A20118	1	1
A20119	0	1
A20120	1	1
A20121	1	1
A20122	1	1
A20123	0	1
A20124	0	1
A20125	1	1
A20126	1	0
A20127	1	1
A20129	1	1
A20131	1	1
A20132	1	1
A20133	0	1
A20134	1	1
A20135	1	1
A20137	1	1
A20138	0	1
A20139	1	1
A20140	1	1
A20142	1	1
A20143	1	1
A20144	1	1
A20145	1	1
A20146	0	1
A20147	1	1
A20148	0	1
A20149	1	1
A20150	1	1
A20151	0	1
A20152	1	1
A20153	1	1
A20154	1	1
A20155	1	1
A20156	1	1
A20157	0	1
A20158	1	1
A20160	1	1
A20161	1	1
A20162	0	1
A20163	1	1
A20164	1	1
A20165	1	1
A20166	1	1
A20167	1	1
A20169	1	1
A20170	1	1
A20171	1	1
A20172	1	1
A20173	1	1
A20174	0	1
A20175	1	1
A20177	0	1
A20178	0	1
A20179	0	1
A20180	1	0
A20182	0	1
A20183	0	1
A20186	1	1
A20187	1	1
A20188	1	1
A20189	1	1
A20190	1	1
A20191	1	1
A20192	1	1
A20193	1	1
A20196	1	1
A20197	1	1
A20198	0	1
A20199	1	1
A20200	1	1
A20202	1	1
A20204	1	1
A20205	1	1
A20207	0	1
A20208	0	1
A20209	0	1
A20210	1	1
A20211	1	0
A20212	0	1
A20213	1	0
A20214	0	1
A20215	1	1
A20216	1	1
A20217	1	0
A20218	1	1
A20220	0	1
A20221	1	1
A20223	1	0
A20225	1	1
A20227	0	1
A20228	1	1
A20229	1	1
A20231	1	1
A20232	1	1
A20233	1	1
A20234	1	1
A20235	1	1
A20236	0	1
A20238	1	1
A20239	1	1
A20240	0	1
A20241	1	1
A20242	1	0
A20243	1	1
A20244	0	1
A20245	0	1
A20246	1	1
A20247	1	1
A20248	1	1
A20249	0	1
A20251	1	1
A20252	0	1
A20254	1	1
A20255	0	1
A20256	1	1
A20257	1	1
A20258	0	1
A20259	1	1
A20260	1	0
A20261	1	1
A20262	0	1
A20264	1	1
A20265	1	1
A20266	1	1
A20267	1	1
A20269	1	1
A20270	1	1
A20272	1	1
A20273	1	1
A20274	1	1
A20275	1	1
A20276	1	1
A20277	0	1
A20278	1	1
A20280	0	1
A20281	1	1
A20282	1	1
A20283	1	1
A20285	0	1
A20287	1	1
A20288	1	1
A20289	0	1
A20290	0	1
A20291	1	1
A20292	1	1
A20293	1	1
A20294	1	0
A20296	1	1
A20297	1	1
A20298	1	1
A20299	1	1
A20300	0	1
A20301	1	1
A20302	1	1
A20303	1	0
A20304	0	1
A20305	1	1
A20306	1	1
A20307	1	1
A20308	0	1
A20309	1	1
A20310	1	1
A20311	1	0
A20312	1	1
A20313	1	1
A20314	1	1
A20316	1	1
A20317	1	1
A20318	1	1
A20319	1	1
A20320	0	1
A20321	1	1
A20322	1	1
A20323	1	1
A20324	1	1
A20325	1	1
A20326	1	1
A20327	1	1
A20328	1	1
A20329	1	1
A20332	1	1
A20333	1	1
A20334	1	1
A20335	0	1
A20336	0	1
A20337	1	1
A20340	0	1
A20341	1	1
A20343	1	1
A20344	1	0
A20345	0	1
A20346	0	1
A20347	1	1
A20351	1	1
A20353	1	0
A20354	0	1
A20355	1	1
A20356	1	1
A20357	1	1
A20358	1	1
A20359	0	1
A20360	1	0
A20361	1	1
A20363	1	1
A20364	1	1
A20365	1	1
A20366	1	1
A20367	1	1
A20368	1	1
A20369	1	1
A20370	0	1
A20371	0	1
A20372	1	0
A20373	1	1
A20375	0	1
A20376	1	1
A20377	1	1
A20378	1	0
A20379	1	1
A20380	0	1
A20381	0	1
A20382	0	1
A20383	1	0
A20384	0	1
A20385	1	1
A20388	0	1
A20389	1	0
A20391	1	1
A20394	1	1
A20395	1	1
A20396	1	1
A20397	1	1
A20398	1	1
A20400	1	1
A20401	1	1
A20402	1	1
A20403	0	1
A20404	0	1
A20405	0	1
A20406	1	1
A20407	1	0
A20408	0	1
A20409	0	1
A20410	1	1
A20411	0	1
A20412	1	1
A20413	0	1
A20414	1	1
A20415	1	0
A20416	0	1
A20417	1	1
A20419	0	1
A20420	0	1
A20422	1	1
A20423	1	1
A20424	1	1
A20425	1	1
A20426	1	1
A20428	1	0
A20429	1	1
A20430	0	1
A20431	1	0
A20432	1	1
A20433	1	1
A20434	1	1
A20436	0	1
A20437	1	1
A20438	1	0
A20440	1	0
A20442	1	1
A20445	0	1
A20446	0	1
A20448	1	1
A20449	1	1
A20450	1	1
A20451	1	1
A20454	0	1
A20455	1	1
A20456	1	1
A20457	1	0
A20458	0	1
A20459	0	1
A20460	0	1
A20463	1	1
A20464	1	1
A20465	0	1
A20466	0	1
A20468	1	1
A20469	1	0
A20470	1	0
A20471	1	1
A20472	1	1
A20473	1	1
A20474	1	1
A20475	1	1
A20476	0	1
A20477	1	0
A20478	1	1
A20479	1	1
A20482	1	1
A20484	1	1
A20485	0	1
A20486	1	1
A20487	1	1
A20489	1	1
A20491	0	1
A20492	0	1
A20493	1	0
A20494	1	1
A20495	1	0
A20496	0	1
A20497	1	1
A20498	0	1
A20499	0	1
A20500	1	1
A21001	1	1
A21002	1	1
A21003	0	1
A21004	0	1
A21005	0	1
A21006	1	1
A21008	0	1
A21010	1	1
A21011	1	1
A21012	1	1
A21015	1	0
A21016	1	1
A21017	1	1
A21018	1	1
A21020	1	1
A21021	1	1
A21022	1	1
A21023	1	1
A21025	1	1
A21026	1	1
A21027	1	1
A21028	1	1
A21029	1	1
A21030	1	1
A21031	1	1
A21032	1	1
A21033	1	1
A21034	1	1
A21036	1	1
A21037	1	1
A21038	0	1
A21041	0	1
A21042	0	1
A21043	1	1
A21044	1	1
A21045	1	0
A21046	0	1
A21047	0	1
A21048	0	1
A21049	1	1
A21050	1	1
A21051	1	0
A21052	1	1
A21053	1	1
A21054	0	1
A21055	0	1
A21057	1	1
A21059	1	1
A21060	1	0
A21061	1	1
A21062	1	1
A21063	1	1
A21064	1	1
A21065	1	1
A21066	1	1
A21067	1	1
A21068	1	1
A21069	0	1
A21070	1	0
A21071	1	1
A21072	1	1
A21076	1	0
A21077	0	1
A21078	1	1
A21079	1	1
A21080	1	1
A21081	1	1
A21082	1	1
A21083	1	1
A21085	0	1
A21086	1	0
A21087	0	1
A21089	1	1
A21090	1	1
A21092	1	1
A21093	1	1
A21095	1	1
A21096	1	1
A21097	1	1
A21098	1	1
A21099	1	1
A21100	1	1
A21101	1	1
A21102	0	1
A21103	1	1
A21104	0	1
A21105	1	1
A21106	1	1
A21107	1	1
A21108	1	1
A21109	0	1
A21110	1	1
A21111	0	1
A21112	0	1
A21113	1	0
A21114	1	1
A21115	1	1
A21116	1	0
A21117	1	1
A21118	1	1
A21120	0	1
A21121	1	1
A21122	1	1
A21123	1	1
A21124	0	1
A21125	1	1
A21126	1	1
A21128	0	1
A21129	1	1
A21130	1	1
A21131	1	1
A21132	0	1
A21133	1	1
A21134	1	1
A21136	1	1
A21137	1	1
A21138	1	1
A21139	1	1
A21140	1	1
A21141	1	1
A21142	1	1
A21143	1	1
A21144	1	1
A21145	1	1
A21146	1	1
A21149	1	0
A21151	1	1
A21152	0	1
A21153	1	1
A21154	0	1
A21155	1	1
A21157	1	1
A21158	1	1
A21161	1	1
A21162	1	1
A21164	1	1
A21165	1	0
A21166	1	1
A21167	1	1
A21168	1	1
A21169	1	1
A21170	1	1
A21171	1	1
A21173	1	1
A21174	0	1
A21176	1	1
A21179	1	1
A21180	1	1
A21181	0	1
A21182	0	1
A21183	1	1
A21184	1	0
A21185	1	1
A21186	1	1
A21187	1	1
A21188	0	1
A21189	0	1
A21190	1	1
A21192	1	1
A21193	1	1
A21194	1	1
A21195	1	1
A21197	0	1
A21199	1	0
A21200	1	0
A21202	1	1
A21203	1	1
A21204	1	1
A21205	0	1
A21206	1	1
A21207	1	1
A21208	0	1
A21209	1	1
A21210	1	1
A21211	0	1
A21212	0	1
A21213	1	1
A21214	0	1
A21215	0	1
A21216	0	1
A21218	1	1
A21219	1	1
A21220	1	0
A21221	1	1
A21222	1	1
A21223	0	1
A21224	1	1
A21225	1	1
A21226	1	1
A21227	1	0
A21228	1	0
A21229	1	1
A21230	1	1
A21231	1	0
A21233	1	1
A21234	0	1
A21235	1	1
A21236	1	1
A21237	1	1
A21238	1	1
A21239	0	1
A21240	1	1
A21241	1	1
A21242	0	1
A21244	1	0
A21246	1	1
A21247	0	1
A21248	0	1
A21249	1	1
A21250	1	1
A21251	1	1
A21252	1	1
A21253	1	1
A21254	1	1
A21255	0	1
A21256	1	1
A21257	1	0
A21258	0	1
A21259	1	1
A21260	1	1
A21261	1	1
A21262	1	1
A21263	1	1
A21264	0	1
A21265	1	1
A21266	1	0
A21267	1	1
A21268	1	1
A21271	1	1
A21272	1	1
A21273	0	1
A21275	1	1
A21276	1	1
A21277	1	1
A21278	1	1
A21279	1	1
A21280	1	0
A21281	1	1
A21283	1	1
A21284	1	1
A21285	1	0
A21286	1	1
A21287	1	0
A21288	1	1
A21289	1	1
A21290	1	1
A21291	1	0
A21292	1	1
A21294	1	1
A21295	1	0
A21296	0	1
A21297	1	1
A21299	0	1
A21301	0	1
A21302	0	1
A21303	1	1
A21306	1	0
A21307	1	1
A21308	0	1
A21309	1	1
A21310	1	1
A21311	0	1
A21312	1	1
A21313	0	1
A21316	0	1
A21317	1	0
A21318	1	1
A21319	1	0
A21320	1	1
A21321	1	1
A21322	0	1
A21323	0	1
A21324	1	1
A21326	1	1
A21327	1	1
A21328	1	1
A21329	1	1
A21330	1	1
A21331	0	1
A21335	1	1
A21336	1	1
A21337	1	1
A21338	1	1
A21339	1	1
A21340	1	1
A21341	1	1
A21342	0	1
A21343	0	1
A21344	1	1
A21345	1	1
A21347	1	1
A21348	1	1
A21349	0	1
A21350	1	1
A21351	1	1
A21352	1	1
A21353	0	1
A21354	1	1
A21356	1	1
A21357	1	1
A21358	1	1
A21359	1	1
A21360	1	1
A21361	1	1
A21362	1	1
A21363	1	1
A21365	1	1
A21367	1	1
A21368	1	1
A21369	0	1
A21370	1	1
A21371	0	1
A21372	1	1
A21373	1	1
A21374	0	1
A21375	1	1
A21377	1	1
A21378	0	1
A21379	1	1
A21382	0	1
A21383	1	1
A21385	0	1
A21386	1	1
A21388	1	1
A21389	1	0
A21390	1	1
A21391	0	1
A21392	1	1
A21393	1	1
A21394	0	1
A21396	1	1
A21397	1	1
A21398	0	1
A21399	1	1
A21401	1	1
A21402	1	0
A21403	1	1
A21404	1	1
A21405	1	1
A21406	1	1
A21407	1	1
A21408	0	1
A21409	1	1
A21410	1	1
A21411	1	0
A21412	0	1
A21414	1	1
A21416	1	1
A21417	1	1
A21418	1	1
A21419	1	1
A21420	1	1
A21421	1	1
A21422	1	1
A21423	1	1
A21425	1	1
A21426	1	1
A21428	1	0
A21429	1	1
A21430	1	1
A21432	1	1
A21433	1	1
A21434	1	0
A21435	1	1
A21436	0	1
A21437	1	1
A21438	1	1
A21439	1	1
A21440	1	1
A21441	1	0
A21442	1	1
A21443	1	1
A21445	1	0
A21446	1	1
A21447	1	1
A21449	1	1
A21450	0	1
A21451	0	1
A21452	0	1
A21453	1	1
A21454	1	1
A21455	1	1
A21456	1	0
A21457	1	0
A21458	1	1
A21461	1	1
A21462	0	1
A21464	1	1
A21465	1	1
A21466	1	1
A21467	1	1
A21468	1	1
A21469	1	1
A21470	1	1
A21471	0	1
A21473	1	1
A21474	1	1
A21475	1	1
A21476	1	1
A21478	1	1
A21480	1	0
A21481	1	1
A21482	1	1
A21483	1	1
A21484	1	1
A21485	1	0
A21486	1	1
A21487	1	1
A21488	1	1
A21489	1	1
A21490	1	1
A21491	1	1
A21492	1	1
A21493	1	1
A21494	0	1
A21495	0	1
A21496	1	0
A21497	0	1
A21498	1	1
A21499	1	1
A21500	1	1
A22001	0	1
A22002	1	1
A22003	1	1
A22004	0	1
A22005	1	1
A22006	1	1
A22007	1	1
A22008	1	1
A22009	0	1
A22010	1	0
A22011	1	0
A22017	1	1
A22018	1	1
A22019	1	1
A22020	1	1
A22021	1	1
A22022	1	1
A22024	1	1
A22025	1	1
A22026	1	1
A22027	1	0
A22028	1	1
A22029	1	1
A22030	1	1
A22031	0	1
A22032	1	1
A22033	0	1
A22034	1	1
A22036	1	1
A22038	0	1
A22039	1	0
A22040	0	1
A22041	1	1
A22044	0	1
A22045	0	1
A22046	1	1
A22047	1	1
A22048	1	1
A22049	1	1
A22052	0	1
A22053	1	0
A22054	1	1
A22055	1	0
A22056	1	1
A22057	1	1
A22058	1	1
A22059	1	0
A22060	1	1
A22062	1	1
A22063	1	1
A22064	0	1
A22065	1	1
A22066	1	1
A22067	1	1
A22068	0	1
A22069	1	1
A22070	1	1
A22071	0	1
A22072	1	1
A22073	1	1
A22074	1	1
A22075	1	1
A22076	0	1
A22077	1	1
A22078	1	1
A22079	1	1
A22081	1	1
A22082	1	1
A22083	1	1
A22085	0	1
A22086	0	1
A22087	1	1
A22088	0	1
A22089	1	1
A22090	0	1
A22091	1	1
A22092	1	1
A22095	1	1
A22096	1	1
A22098	1	1
A22099	1	0
A22100	1	1
A22101	1	1
A22102	0	1
A22103	1	1
A22104	1	1
A22105	1	1
A22107	1	1
A22108	1	1
A22109	1	0
A22110	1	1
A22111	1	1
A22112	1	1
A22114	1	1
A22115	0	1
A22116	1	1
A22117	1	1
A22118	1	1
A22119	0	1
A22120	1	1
A22121	0	1
A22122	0	1
A22123	1	1
A22124	1	1
A22125	1	0
A22126	0	1
A22127	1	1
A22128	1	1
A22130	1	1
A22131	1	1
A22132	1	1
A22133	1	1
A22134	1	1
A22135	1	1
A22136	1	1
A22137	1	1
A22138	0	1
A22140	1	1
A22141	1	1
A22142	1	0
A22143	0	1
A22145	1	1
A22146	1	1
A22147	1	1
A22149	1	1
A22150	1	1
A22151	1	1
A22152	0	1
A22153	1	1
A22154	1	1
A22155	1	0
A22157	1	1
A22158	0	1
A22161	1	1
A22163	1	1
A22166	0	1
A22167	1	1
A22168	1	1
A22171	1	1
A22172	1	1
A22173	0	1
A22174	1	1
A22175	1	1
A22178	1	1
A22179	1	1
A22181	0	1
A22182	0	1
A22183	1	1
A22184	1	1
A22185	1	1
A22186	1	1
A22187	1	1
A22188	1	1
A22189	1	1
A22190	1	1
A22191	1	1
A22192	1	1
A22193	0	1
A22194	1	1
A22195	1	1
A22196	1	1
A22197	0	1
A22198	0	1
A22199	0	1
A22202	1	1
A22203	1	1
A22204	0	1
A22205	0	1
A22206	0	1
A22207	0	1
A22208	1	1
A22209	1	1
A22210	1	1
A22211	0	1
A22212	1	1
A22213	1	1
A22214	1	1
A22215	1	1
A22216	1	1
A22217	0	1
A22218	1	1
A22219	0	1
A22220	1	1
A22221	0	1
A22222	1	1
A22223	1	1
A22224	1	1
A22225	1	1
A22226	0	1
A22227	1	1
A22229	0	1
A22230	1	1
A22231	0	1
A22233	0	1
A22235	1	1
A22237	1	1
A22238	1	1
A22239	1	1
A22240	0	1
A22242	1	1
A22243	0	1
A22244	1	1
A22245	1	1
A22246	1	1
A22247	1	1
A22248	1	1
A22249	1	1
A22250	1	1
A22252	0	1
A22253	1	1
A22254	0	1
A22255	1	1
A22256	1	1
A22257	1	0
A22258	1	1
A22260	1	1
A22261	1	1
A22262	0	1
A22263	1	1
A22264	0	1
A22265	1	0
A22266	1	1
A22267	1	1
A22268	1	1
A22269	1	1
A22270	1	1
A22272	1	1
A22273	1	1
A22274	1	1
A22275	1	1
A22276	0	1
A22277	1	1
A22278	0	1
A22279	1	1
A22281	1	1
A22282	1	1
A22283	1	0
A22284	1	0
A22285	1	0
A22286	1	0
A22287	1	1
A22288	1	1
A22289	1	0
A22290	1	1
A22291	1	1
A22292	0	1
A22293	0	1
A22294	1	1
A22295	1	1
A22297	1	0
A22298	0	1
A22299	0	1
A22300	0	1
A22301	1	1
A22302	1	1
A22304	1	1
A22305	1	0
A22306	1	1
A22307	1	1
A22308	1	1
A22309	0	1
A22310	0	1
A22311	0	1
A22312	1	1
A22313	1	1
A22314	1	1
A22315	1	1
A22316	1	1
A22317	0	1
A22318	1	1
A22319	0	1
A22321	1	1
A22323	1	1
A22324	1	1
A22325	1	1
A22326	1	1
A22327	1	0
A22328	1	1
A22329	1	1
A22330	1	1
A22331	1	1
A22332	1	1
A22335	1	1
A22336	1	1
A22337	1	1
A22338	1	1
A22339	1	1
A22340	1	1
A22341	0	1
A22342	1	1
A22343	1	1
A22345	1	0
A22347	1	1
A22348	1	1
A22349	1	1
A22350	1	1
A22351	0	1
A22353	1	1
A22354	1	1
A22355	0	1
A22356	1	0
A22357	1	1
A22358	1	1
A22359	1	1
A22360	1	1
A22361	1	1
A22362	1	1
A22363	1	0
A22364	1	1
A22365	1	1
A22367	1	0
A22368	1	1
A22370	1	1
A22371	1	0
A22372	1	1
A22374	1	1
A22375	1	1
A22376	1	1
A22377	1	0
A22378	1	1
A22379	0	1
A22380	0	1
A22381	1	1
A22382	1	1
A22383	1	1
A22384	1	1
A22385	1	1
A22386	1	1
A22387	1	1
A22388	1	1
A22389	0	1
A22390	1	1
A22391	1	1
A22392	1	0
A22393	0	1
A22394	1	1
A22396	1	1
A22397	1	1
A22398	1	1
A22400	1	1
A22401	1	1
A22402	1	1
A22404	0	1
A22405	1	0
A22408	0	1
A22409	1	1
A22410	1	1
A22411	1	1
A22412	1	1
A22413	0	1
A22414	1	1
A22415	0	1
A22416	1	1
A22417	1	1
A22418	1	1
A22419	1	1
A22420	1	1
A22421	1	1
A22423	1	1
A22424	1	1
A22425	1	1
A22426	0	1
A22427	1	1
A22428	1	1
A22429	1	1
A22430	0	1
A22431	1	0
A22432	1	1
A22433	1	1
A22434	1	1
A22435	1	1
A22436	1	1
A22437	1	1
A22439	1	1
A22440	1	1
A22443	1	1
A22444	0	1
A22445	1	1
A22446	1	1
A22447	0	1
A22448	0	1
A22449	1	1
A22450	1	1
A22453	1	1
A22455	0	1
A22457	1	1
A22458	1	1
A22459	1	1
A22460	1	1
A22461	0	1
A22463	0	1
A22464	1	0
A22467	1	1
A22468	1	0
A22469	1	1
A22470	1	1
A22471	1	1
A22472	1	1
A22473	0	1
A22474	1	1
A22475	0	1
A22477	0	1
A22480	1	1
A22481	1	1
A22482	1	1
A22484	1	1
A22485	1	1
A22486	1	1
A22487	1	1
A22488	1	1
A22489	0	1
A22490	1	1
A22491	1	1
A22492	1	1
A22493	1	1
A22494	1	1
A22495	1	1
A22496	1	1
A22497	1	1
A22498	1	1
A22499	1	1
A22500	1	1
A23001	0	1
A23002	1	0
A23003	1	0
A23004	1	0
A23005	0	1
A23006	1	0
A23008	1	1
A23009	1	1
A23010	0	1
A23011	1	1
A23012	1	1
A23013	1	1
A23014	1	1
A23015	1	1
A23016	1	1
A23017	1	0
A23018	0	1
A23019	1	1
A23023	1	1
A23024	1	1
A23025	1	0
A23026	1	0
A23027	1	0
A23028	0	1
A23029	1	1
A23030	1	0
A23031	1	1
A23032	1	1
A23033	1	0
A23034	0	1
A23035	1	1
A23036	0	1
A23037	1	1
A23039	1	1
A23040	1	1
A23041	1	1
A23043	0	1
A23044	1	1
A23045	0	1
A23046	1	1
A23047	1	0
A23048	1	1
A23050	1	1
A23051	1	1
A23052	1	1
A23053	1	1
A23054	0	1
A23055	1	0
A23056	1	1
A23058	1	1
A23060	1	1
A23061	0	1
A23062	1	1
A23063	1	1
A23064	1	1
A23065	1	1
A23066	1	1
A23067	1	1
A23068	1	1
A23069	1	1
A23070	1	1
A23071	1	0
A23072	0	1
A23074	0	1
A23076	1	1
A23077	1	1
A23078	1	0
A23079	0	1
A23080	1	1
A23081	1	1
A23082	1	1
A23083	0	1
A23084	1	0
A23085	1	1
A23086	1	1
A23087	1	1
A23088	0	1
A23090	1	0
A23091	1	1
A23092	1	1
A23093	1	1
A23094	1	1
A23095	1	1
A23096	1	1
A23097	0	1
A23098	0	1
A23099	1	1
A23100	0	1
A23101	1	1
A23102	0	1
A23103	0	1
A23104	1	1
A23105	1	1
A23107	1	0
A23108	0	1
A23110	0	1
A23113	1	1
A23114	0	1
A23115	1	0
A23117	0	1
A23120	1	1
A23121	1	1
A23122	0	1
A23123	1	1
A23124	1	1
A23125	1	1
A23126	1	1
A23127	0	1
A23128	1	1
A23129	1	1
A23130	1	1
A23131	1	1
A23132	1	0
A23133	1	0
A23134	1	1
A23135	1	1
A23136	1	1
A23137	1	1
A23138	1	1
A23139	0	1
A23142	1	1
A23144	1	1
A23145	1	1
A23146	1	1
A23147	1	1
A23148	1	1
A23149	1	1
A23150	1	1
A23151	1	1
A23152	1	0
A23153	1	1
A23154	1	0
A23155	1	1
A23156	0	1
A23157	1	1
A23158	1	1
A23159	1	1
A23160	0	1
A23161	0	1
A23164	0	1
A23165	1	1
A23166	1	1
A23167	0	1
A23168	1	1
A23169	1	0
A23170	1	0
A23172	1	0
A23173	1	1
A23175	1	0
A23177	1	0
A23178	1	1
A23180	0	1
A23181	0	1
A23182	0	1
A23183	1	1
A23184	0	1
A23185	1	1
A23186	1	0
A23187	1	1
A23188	1	0
A23190	1	0
A23192	1	1
A23193	1	1
A23194	1	0
A23195	1	1
A23196	1	1
A23197	0	1
A23198	1	1
A23199	1	1
A23200	1	0
A23202	1	1
A23203	1	1
A23204	1	1
A23205	0	1
A23206	1	1
A23208	1	1
A23209	1	1
A23212	0	1
A23213	0	1
A23214	1	1
A23215	1	1
A23216	1	1
A23217	1	1
A23218	1	1
A23220	1	1
A23221	1	1
A23223	1	1
A23224	1	1
A23226	1	0
A23227	1	1
A23228	1	1
A23229	0	1
A23230	0	1
A23231	1	1
A23232	1	1
A23233	1	1
A23234	1	1
A23235	0	1
A23236	1	1
A23237	1	1
A23238	1	1
A23239	1	1
A23242	1	1
A23243	1	1
A23246	1	1
A23247	1	1
A23248	1	1
A23250	0	1
A23252	1	1
A23254	1	1
A23255	1	1
A23256	0	1
A23257	0	1
A23258	0	1
A23259	1	0
A23260	1	1
A23261	1	1
A23262	0	1
A23263	1	0
A23264	1	1
A23265	1	1
A23266	1	1
A23268	1	1
A23270	1	1
A23271	0	1
A23272	1	1
A23273	1	1
A23274	0	1
A23275	0	1
A23276	1	1
A23277	1	1
A23278	1	1
A23279	1	0
A23280	1	1
A23281	1	1
A23282	1	1
A23283	1	1
A23284	0	1
A23285	1	1
A23286	1	1
A23287	1	1
A23288	1	1
A23289	0	1
A23290	1	1
A23291	1	0
A23292	1	0
A23293	0	1
A23294	1	1
A23295	0	1
A23296	0	1
A23297	1	1
A23298	1	1
A23300	0	1
A23301	1	1
A23303	1	1
A23305	1	1
A23306	1	1
A23307	1	1
A23308	1	1
A23309	0	1
A23310	1	1
A23311	0	1
A23312	1	1
A23313	1	1
A23314	1	0
A23315	1	1
A23317	1	1
A23318	1	1
A23319	1	1
A23320	1	1
A23322	1	1
A23323	0	1
A23324	0	1
A23326	1	1
A23327	1	1
A23328	1	1
A23329	1	1
A23330	1	1
A23332	0	1
A23333	1	1
A23334	1	1
A23335	1	1
A23336	1	1
A23337	0	1
A23338	1	1
A23339	1	1
A23340	1	1
A23342	1	1
A23343	0	1
A23345	1	1
A23346	1	1
A23347	1	1
A23348	1	1
A23349	1	1
A23350	1	0
A23351	1	1
A23352	0	1
A23353	1	1
A23354	0	1
A23357	0	1
A23358	1	1
A23359	1	1
A23360	1	0
A23362	1	1
A23363	1	1
A23364	1	1
A23365	1	1
A23366	1	0
A23367	0	1
A23368	0	1
A23369	1	1
A23372	0	1
A23373	1	1
A23374	1	1
A23375	0	1
A23376	1	1
A23377	1	1
A23379	1	1
A23380	1	0
A23381	1	1
A23382	1	1
A23383	1	1
A23384	1	1
A23385	1	1
A23386	1	0
A23387	0	1
A23389	0	1
A23390	0	1
A23391	1	1
A23392	1	1
A23393	1	1
A23394	1	1
A23396	1	1
A23397	0	1
A23398	1	1
A23399	0	1
A23400	1	1
A23401	1	1
A23402	1	1
A23403	1	0
A23404	1	1
A23405	1	0
A23406	1	0
A23407	1	1
A23409	0	1
A23410	1	1
A23411	1	0
A23412	1	1
A23413	1	1
A23414	1	1
A23415	0	1
A23416	1	1
A23417	1	1
A23418	0	1
A23419	1	1
A23421	1	1
A23422	0	1
A23425	1	1
A23426	1	1
A23427	0	1
A23429	1	1
A23430	0	1
A23431	1	1
A23432	1	0
A23433	1	1
A23435	0	1
A23436	0	1
A23437	1	0
A23438	0	1
A23439	1	1
A23440	1	1
A23441	1	1
A23442	1	0
A23443	1	0
A23444	0	1
A23445	1	1
A23446	1	1
A23447	1	1
A23448	1	1
A23449	1	1
A23450	0	1
A23451	1	1
A23453	1	1
A23454	1	1
A23455	1	1
A23456	1	1
A23458	0	1
A23459	0	1
A23460	1	1
A23461	1	1
A23462	1	1
A23463	0	1
A23465	1	1
A23466	1	0
A23467	1	1
A23468	1	1
A23470	0	1
A23471	1	1
A23472	0	1
A23473	0	1
A23474	0	1
A23475	0	1
A23476	0	1
A23477	1	0
A23478	1	1
A23479	1	1
A23481	1	1
A23482	1	1
A23483	1	0
A23484	1	1
A23485	1	1
A23486	1	1
A23488	0	1
A23489	1	0
A23490	1	0
A23491	1	1
A23492	1	1
A23493	1	1
A23494	1	1
A23495	1	1
A23496	1	0
A23497	1	1
A23498	1	1
A23499	1	0
A23500	1	1
A24001	0	1
A24002	1	1
A24003	1	1
A24004	0	1
A24005	1	1
A24006	1	1
A24007	1	1
A24008	1	1
A24009	1	1
A24011	1	1
A24013	1	1
A24014	0	1
A24016	1	1
A24018	1	1
A24019	1	1
A24020	0	1
A24021	1	1
A24022	1	1
A24023	1	1
A24024	1	1
A24025	1	1
A24026	0	1
A24027	1	1
A24029	0	1
A24030	1	1
A24031	0	1
A24032	1	1
A24033	1	1
A24034	1	1
A24035	1	1
A24036	0	1
A24037	1	1
A24038	1	1
A24039	1	1
A24040	1	1
A24041	0	1
A24042	1	1
A24043	1	1
A24044	1	1
A24045	1	0
A24046	1	1
A24047	1	1
A24049	1	1
A24050	1	1
A24051	1	1
A24052	1	1
A24053	1	1
A24054	1	1
A24055	0	1
A24056	0	1
A24057	1	1
A24058	1	1
A24059	1	0
A24062	1	1
A24063	1	0
A24064	1	1
A24065	0	1
A24066	1	1
A24067	1	1
A24068	1	1
A24069	0	1
A24070	0	1
A24071	1	0
A24073	0	1
A24074	1	1
A24075	1	1
A24077	1	1
A24078	1	1
A24079	1	1
A24080	0	1
A24081	1	1
A24082	1	1
A24083	0	1
A24084	1	1
A24085	1	1
A24086	1	1
A24087	1	0
A24088	1	1
A24089	0	1
A24091	1	1
A24092	1	1
A24093	1	1
A24094	0	1
A24095	1	1
A24096	1	1
A24097	1	1
A24098	0	1
A24099	1	1
A24100	1	1
A24101	0	1
A24102	0	1
A24103	1	1
A24104	1	0
A24105	1	0
A24106	1	1
A24108	0	1
A24109	1	1
A24110	0	1
A24112	1	1
A24113	1	1
A24114	1	1
A24115	1	0
A24117	1	1
A24118	0	1
A24119	1	1
A24120	1	0
A24121	1	1
A24122	0	1
A24123	1	1
A24124	1	1
A24126	1	1
A24127	1	1
A24128	1	1
A24129	1	1
A24130	1	1
A24131	1	1
A24132	1	1
A24133	0	1
A24134	0	1
A24135	0	1
A24136	1	1
A24138	1	0
A24139	1	1
A24140	1	1
A24142	1	1
A24143	1	1
A24145	0	1
A24146	1	1
A24147	1	1
A24148	1	1
A24149	1	1
A24150	1	1
A24151	0	1
A24153	1	0
A24154	1	1
A24156	1	1
A24157	1	0
A24158	0	1
A24160	1	1
A24162	0	1
A24163	1	1
A24164	1	1
A24165	1	1
A24167	1	1
A24168	1	0
A24169	1	1
A24171	0	1
A24172	0	1
A24173	1	1
A24174	1	0
A24175	1	1
A24176	1	0
A24177	1	1
A24178	1	1
A24179	0	1
A24180	1	1
A24182	0	1
A24183	1	1
A24184	1	1
A24185	1	1
A24186	1	1
A24187	1	1
A24188	1	1
A24189	1	1
A24190	1	1
A24191	1	1
A24192	1	1
A24193	1	0
A24194	1	0
A24195	1	1
A24196	1	1
A24197	1	1
A24198	1	1
A24199	1	1
A24200	1	0
A24201	1	1
A24202	1	0
A24204	1	0
A24205	1	1
A24206	1	1
A24207	1	1
A24209	1	0
A24210	1	1
A24211	1	1
A24213	0	1
A24214	1	1
A24215	1	0
A24216	1	1
A24217	1	1
A24218	0	1
A24219	1	1
A24220	1	1
A24221	1	1
A24222	1	1
A24223	1	1
A24224	0	1
A24225	1	1
A24226	1	1
A24227	1	1
A24228	1	0
A24229	1	1
A24230	1	1
A24231	1	1
A24232	1	1
A24234	1	1
A24235	1	1
A24236	1	1
A24237	1	1
A24238	0	1
A24240	1	1
A24241	1	1
A24243	1	1
A24244	0	1
A24245	1	1
A24247	1	1
A24249	1	1
A24250	1	1
A24251	1	1
A24252	1	1
A24253	1	1
A24254	1	1
A24255	1	1
A24257	1	1
A24258	0	1
A24260	1	1
A24261	1	1
A24262	1	1
A24263	1	1
A24264	1	1
A24265	1	1
A24266	0	1
A24267	1	1
A24269	0	1
A24270	0	1
A24271	0	1
A24273	0	1
A24274	1	1
A24277	0	1
A24278	1	1
A24279	1	1
A24280	1	1
A24283	0	1
A24285	1	1
A24286	1	1
A24287	1	0
A24288	0	1
A24289	1	1
A24290	1	1
A24291	1	1
A24292	1	1
A24293	1	0
A24294	1	1
A24295	0	1
A24297	0	1
A24298	1	1
A24300	0	1
A24301	0	1
A24302	0	1
A24304	1	1
A24305	0	1
A24306	1	1
A24307	1	1
A24308	1	0
A24309	0	1
A24311	1	0
A24314	1	1
A24315	1	1
A24316	1	1
A24318	1	1
A24320	0	1
A24321	1	1
A24322	0	1
A24324	1	1
A24326	1	1
A24327	1	1
A24328	1	0
A24329	1	1
A24330	1	1
A24331	1	1
A24332	1	0
A24333	1	1
A24334	1	1
A24335	1	1
A24336	0	1
A24338	1	1
A24339	1	1
A24340	1	1
A24341	0	1
A24343	1	1
A24344	1	1
A24345	0	1
A24346	1	1
A24349	1	1
A24350	0	1
A24352	1	1
A24353	0	1
A24354	1	1
A24356	1	1
A24357	1	1
A24358	1	1
A24359	0	1
A24362	1	1
A24363	1	1
A24364	1	1
A24365	1	1
A24366	1	1
A24367	0	1
A24368	1	1
A24369	1	1
A24370	1	1
A24371	0	1
A24372	1	1
A24373	1	1
A24374	1	1
A24375	0	1
A24378	1	1
A24379	1	1
A24380	1	1
A24381	1	1
A24382	1	1
A24383	1	1
A24384	1	1
A24385	1	1
A24386	0	1
A24387	1	1
A24390	1	1
A24391	1	1
A24392	1	1
A24393	1	1
A24395	1	0
A24396	1	1
A24397	0	1
A24398	1	0
A24399	0	1
A24400	1	1
A24401	1	1
A24402	0	1
A24403	1	1
A24404	1	1
A24405	1	1
A24406	1	1
A24407	0	1
A24408	1	1
A24409	1	1
A24410	1	1
A24411	1	1
A24412	1	1
A24414	1	1
A24415	1	1
A24416	1	1
A24418	0	1
A24419	0	1
A24420	1	1
A24421	1	1
A24423	1	1
A24424	0	1
A24425	1	1
A24426	1	1
A24427	1	1
A24430	1	1
A24431	1	1
A24432	1	1
A24434	1	1
A24435	1	1
A24436	1	1
A24437	1	1
A24438	1	1
A24439	1	1
A24441	1	1
A24442	1	1
A24443	1	1
A24444	1	1
A24445	1	1
A24446	1	0
A24447	0	1
A24448	1	1
A24451	1	1
A24452	1	1
A24453	1	1
A24454	1	1
A24455	1	1
A24456	1	0
A24457	1	1
A24458	1	0
A24460	1	0
A24461	0	1
A24462	0	1
A24463	1	1
A24464	1	1
A24465	1	1
A24466	1	1
A24467	1	1
A24468	1	1
A24469	1	1
A24470	1	1
A24472	0	1
A24474	1	1
A24475	1	1
A24477	0	1
A24478	1	1
A24479	1	1
A24480	1	1
A24481	1	0
A24482	1	1
A24483	1	1
A24485	1	1
A24486	1	1
A24487	1	1
A24488	1	1
A24489	1	0
A24490	1	1
A24491	1	1
A24492	1	1
A24493	1	1
A24494	1	1
A24496	1	1
A24497	1	1
A24498	1	0
A24499	1	1
A25001	0	1
A25002	0	1
A25003	1	1
A25004	1	1
A25005	1	1
A25006	0	1
A25007	1	1
A25008	1	0
A25010	1	1
A25011	0	1
A25012	0	1
A25014	1	1
A25015	1	1
A25016	1	1
A25017	1	1
A25018	1	1
A25020	1	1
A25021	1	1
A25022	1	0
A25023	1	1
A25025	1	1
A25026	1	1
A25027	1	1
A25028	0	1
A25029	0	1
A25030	1	1
A25031	1	1
A25032	0	1
A25033	1	1
A25034	1	1
A25035	1	1
A25036	0	1
A25038	1	1
A25039	1	1
A25040	1	0
A25041	1	1
A25042	1	0
A25043	0	1
A25044	1	1
A25045	1	1
A25047	1	1
A25048	1	1
A25050	0	1
A25051	1	1
A25052	0	1
A25054	1	1
A25055	0	1
A25056	0	1
A25057	1	1
A25058	1	0
A25059	0	1
A25060	1	1
A25062	1	1
A25063	1	1
A25064	1	1
A25065	1	1
A25066	0	1
A25067	1	1
A25069	1	1
A25070	1	1
A25072	1	1
A25073	1	1
A25074	1	1
A25075	1	1
A25076	1	1
A25077	0	1
A25078	0	1
A25079	1	1
A25080	0	1
A25081	1	1
A25082	1	1
A25083	1	0
A25085	0	1
A25086	1	1
A25087	1	1
A25090	1	1
A25092	1	0
A25093	1	0
A25094	1	1
A25096	0	1
A25097	1	1
A25098	0	1
A25099	1	0
A25100	0	1
A25101	0	1
A25102	0	1
A25105	1	1
A25106	0	1
A25107	1	0
A25108	1	0
A25109	1	1
A25110	1	0
A25111	1	0
A25112	1	1
A25113	0	1
A25114	1	0
A25115	1	1
A25116	1	1
A25117	1	1
A25118	0	1
A25120	0	1
A25121	1	1
A25122	1	1
A25123	1	1
A25124	1	1
A25125	1	1
A25126	1	1
A25127	1	1
A25128	0	1
A25129	1	1
A25130	0	1
A25131	1	1
A25132	1	1
A25133	1	1
A25134	1	1
A25135	0	1
A25137	1	1
A25139	0	1
A25141	1	1
A25142	1	1
A25143	1	0
A25144	1	1
A25145	1	1
A25147	1	1
A25149	1	1
A25150	0	1
A25151	0	1
A25152	1	1
A25153	0	1
A25154	1	0
A25155	1	1
A25156	1	1
A25158	1	0
A25159	1	0
A25160	1	1
A25161	1	1
A25162	0	1
A25164	1	1
A25165	0	1
A25166	1	1
A25167	1	1
A25168	1	1
A25170	1	1
A25171	1	1
A25172	1	1
A25173	1	1
A25174	1	1
A25175	1	1
A25176	0	1
A25177	0	1
A25179	1	1
A25180	0	1
A25181	1	0
A25182	0	1
A25183	1	1
A25184	1	1
A25185	1	1
A25186	1	1
A25188	0	1
A25189	0	1
A25191	0	1
A25193	1	0
A25196	1	1
A25198	1	1
A25199	0	1
A25200	1	0
A25202	0	1
A25203	1	1
A25204	0	1
A25205	1	1
A25206	0	1
A25208	1	1
A25209	1	1
A25210	1	1
A25212	1	1
A25213	0	1
A25215	1	0
A25216	1	0
A25217	1	0
A25218	1	1
A25219	0	1
A25220	0	1
A25221	1	1
A25222	0	1
A25223	1	1
A25224	1	1
A25225	1	0
A25227	0	1
A25228	0	1
A25229	1	1
A25230	0	1
A25231	0	1
A25232	0	1
A25233	0	1
A25234	1	1
A25236	1	1
A25237	0	1
A25238	1	0
A25240	0	1
A25241	0	1
A25242	1	1
A25243	0	1
A25244	1	1
A25245	1	1
A25246	0	1
A25247	0	1
A25248	1	0
A25249	0	1
A25251	1	0
A25252	1	1
A25253	1	1
A25254	1	0
A25255	0	1
A25256	0	1
A25257	0	1
A25258	0	1
A25259	1	1
A25260	1	1
A25261	0	1
A25262	1	1
A25263	1	1
A25264	1	1
A25265	1	1
A25266	1	1
A25267	1	1
A25268	1	1
A25269	1	1
A25270	0	1
A25271	1	1
A25272	1	1
A25273	0	1
A25274	0	1
A25275	1	1
A25276	0	1
A25277	0	1
A25278	1	1
A25279	0	1
A25280	1	1
A25281	0	1
A25282	1	1
A25283	0	1
A25284	1	1
A25285	1	1
A25286	1	1
A25288	0	1
A25289	1	1
A25290	1	1
A25292	0	1
A25293	1	0
A25295	0	1
A25296	1	1
A25298	1	1
A25299	1	1
A25300	0	1
A25302	0	1
A25303	1	1
A25306	1	1
A25307	1	0
A25308	0	1
A25310	0	1
A25311	0	1
A25312	1	1
A25313	0	1
A25314	0	1
A25315	1	0
A25316	1	1
A25317	0	1
A25318	0	1
A25319	1	1
A25320	1	1
A25321	1	1
A25322	1	0
A25324	0	1
A25326	0	1
A25327	0	1
A25328	0	1
A25329	1	1
A25331	0	1
A25332	1	0
A25333	0	1
A25334	1	1
A25335	1	1
A25336	0	1
A25338	1	1
A25339	1	1
A25340	1	1
A25341	0	1
A25342	1	1
A25343	1	1
A25344	1	1
A25345	1	1
A25346	1	1
A25347	1	0
A25348	0	1
A25349	0	1
A25350	1	1
A25351	1	1
A25352	1	1
A25353	1	1
A25354	0	1
A25357	0	1
A25358	0	1
A25359	0	1
A25360	1	1
A25361	0	1
A25363	1	1
A25364	0	1
A25366	1	1
A25367	0	1
A25368	1	1
A25369	0	1
A25370	1	1
A25371	1	1
A25372	0	1
A25373	1	1
A25374	1	1
A25375	1	1
A25377	1	1
A25378	1	1
A25379	1	1
A25380	1	1
A25381	1	1
A25382	1	1
A25383	1	1
A25384	1	1
A25386	1	1
A25387	0	1
A25388	1	1
A25389	1	1
A25391	0	1
A25392	0	1
A25393	1	1
A25394	1	1
A25395	1	1
A25396	1	0
A25397	1	1
A25399	0	1
A25400	1	1
A25401	0	1
A25402	0	1
A25403	1	1
A25404	0	1
A25405	0	1
A25406	1	1
A25407	0	1
A25408	1	1
A25409	1	1
A25410	1	1
A25411	1	0
A25412	1	1
A25413	0	1
A25414	1	1
A25415	1	1
A25416	1	1
A25417	1	1
A25418	1	0
A25420	1	1
A25421	1	1
A25422	1	1
A25423	1	1
A25424	1	1
A25425	1	1
A25427	1	0
A25428	1	1
A25429	1	0
A25431	0	1
A25433	1	1
A25434	1	0
A25435	1	1
A25438	0	1
A25439	0	1
A25440	1	1
A25441	1	1
A25442	0	1
A25443	1	1
A25444	1	1
A25445	0	1
A25446	1	1
A25447	1	1
A25448	1	0
A25449	0	1
A25450	1	1
A25451	1	0
A25452	1	1
A25453	1	1
A25454	0	1
A25455	1	1
A25456	0	1
A25457	1	1
A25458	1	0
A25459	0	1
A25460	1	1
A25461	1	1
A25462	1	1
A25463	1	1
A25464	1	1
A25467	0	1
A25468	0	1
A25470	1	1
A25471	1	1
A25472	1	1
A25473	1	0
A25474	1	1
A25475	1	1
A25477	0	1
A25478	0	1
A25479	1	1
A25481	0	1
A25482	1	1
A25483	1	1
A25484	1	1
A25485	1	1
A25487	1	1
A25488	1	1
A25490	1	1
A25491	0	1
A25492	1	1
A25495	1	1
A25496	1	1
A25497	0	1
A25498	0	1
A25499	1	1
A25500	0	1
A05060	1	1
A05061	1	0
A05068	1	1
A05070	1	1
A06018	0	1
A07005	1	1
A07007	1	1
A07064	1	1
A07091	0	1
A08015	1	0
A08017	1	1
A09018	0	1
A09061	1	1
A09088	1	1
A09098	0	1
A09099	1	0
A09100	0	1
A12012	1	0
A12018	1	0
A12044	0	1
A12061	0	1
A12079	1	1
A12149	1	0
A12154	0	1
A12186	1	0
A12196	1	1
A12199	1	1
A12200	1	1
A12203	0	1
A12207	0	1
A12233	1	1
A12245	1	1
A12264	1	1
A12272	1	0
A12294	1	1
A12346	0	1
A12350	1	1
A12362	0	1
A12382	1	1
A12383	0	1
A12384	1	1
A12395	1	0
A12399	1	0
A12430	1	1
A12463	1	0
A12482	1	1
A12483	1	1
A12486	1	1
A13016	1	1
A14004	1	1
A15018	0	1
A17010	1	1
A18048	1	1
A18063	1	1
A18119	1	0
A18121	1	1
A18161	1	1
A18193	1	1
A18213	0	1
A18215	0	1
A18228	0	1
A18244	1	1
A18263	1	1
A18264	0	1
A18271	1	1
A18275	1	1
A18303	1	1
A18307	1	1
A18319	1	1
A18323	0	1
A18332	0	1
A18333	1	1
A18338	1	1
A18347	1	1
A18411	1	1
A18413	1	1
A18475	1	1
A18476	0	1
A18488	1	1
A19030	1	1
A19044	1	1
A19051	1	1
A19073	1	1
A19079	1	1
A19087	1	1
A19112	1	1
A19144	0	1
A19172	0	1
A19191	1	1
A19223	1	1
A19224	1	1
A19226	1	1
A19329	1	1
A19340	1	1
A19360	1	1
A19364	1	1
A19374	1	1
A19380	0	1
A19381	1	1
A19382	0	1
A19402	1	1
A19404	1	1
A19412	1	0
A19450	1	1
A19477	1	1
A19479	1	1
A20017	0	1
A20027	1	0
A20044	1	1
A20103	1	1
A20107	1	1
A20128	1	1
A20130	1	1
A20136	0	1
A20159	1	1
A20219	1	1
A20224	1	1
A20230	1	1
A20253	1	1
A20263	0	1
A20284	0	1
A20286	1	0
A20295	1	1
A20315	1	1
A20339	0	1
A20348	0	1
A20387	1	1
A20393	1	1
A20418	1	1
A20421	0	1
A20427	1	0
A20439	1	1
A20453	1	1
A20467	1	1
A20480	1	0
A20488	1	1
A21056	0	1
A21073	1	1
A21084	1	1
A21088	1	1
A21091	1	1
A21119	1	1
A21147	1	1
A21148	1	1
A21163	1	1
A21177	0	1
A21178	1	1
A21201	0	1
A21217	0	1
A21232	0	1
A21243	1	1
A21270	1	1
A21274	0	1
A21298	0	1
A21334	1	1
A21364	1	1
A21380	1	0
A21381	1	1
A21387	0	1
A21395	1	1
A21400	0	1
A21415	1	1
A21427	1	0
A21431	1	1
A21459	1	0
A21460	0	1
A22013	0	1
A22014	1	0
A22015	0	1
A22043	0	1
A22148	0	1
A22162	1	1
A22164	1	1
A22170	0	1
A22180	1	1
A22200	1	1
A22234	1	1
A22236	1	1
A22241	1	1
A22259	1	1
A22271	1	1
A22303	1	1
A22334	1	1
A22344	1	1
A22352	1	1
A22366	1	0
A22395	1	1
A22399	0	1
A22422	1	1
A22441	1	0
A22454	0	1
A22479	1	1
A22483	1	1
A23020	1	0
A23022	0	1
A23049	1	1
A23059	1	0
A23073	1	1
A23089	1	0
A23111	0	1
A23141	1	1
A23143	1	1
A23171	1	1
A23176	1	0
A23191	1	1
A23207	1	1
A23211	0	1
A23219	1	1
A23225	0	1
A23241	1	0
A23249	1	1
A23269	1	1
A23302	0	1
A23321	1	0
A23344	1	1
A23355	1	1
A23361	1	1
A23371	1	1
A23408	1	1
A23423	1	0
A23452	1	1
A23469	0	1
A24015	1	1
A24017	1	1
A24048	1	1
A24161	1	1
A24170	1	1
A24203	0	1
A24208	1	1
A24233	1	1
A24242	1	1
A24248	1	1
A24259	1	1
A24268	1	1
A24272	0	1
A24284	1	0
A24303	1	1
A24312	1	1
A24313	1	1
A24323	0	1
A24337	0	1
A24355	1	1
A24394	1	0
A24413	1	0
A24429	0	1
A24440	1	1
A24449	1	1
A24450	1	1
A24459	0	1
A24471	1	1
A24473	0	1
A24495	1	1
A25009	1	1
A25013	0	1
A25046	1	1
A25084	1	0
A25095	1	0
A25136	0	1
A25140	1	0
A25148	1	1
A25163	1	1
A25169	1	1
A25195	1	1
A25207	0	1
A25235	0	1
A25287	1	0
A25294	0	1
A25301	0	1
A25304	1	1
A25325	0	1
A25330	1	1
A25337	0	1
A25365	1	1
A25385	1	0
A25419	1	0
A25426	1	1
A25489	1	1
A05039	1	1
A05040	0	1
A05041	1	0
A05042	0	1
A05044	1	0
A05046	1	0
A05047	1	1
A05051	1	1
A05085	1	1
A05089	1	1
A05094	1	1
A06009	1	1
A06017	1	1
A07006	1	1
A07017	1	1
A07036	1	1
A07039	1	1
A07041	1	1
A07047	1	1
A07057	0	1
A07067	1	1
A07072	1	1
A07083	1	1
A07095	1	1
A08006	0	1
A08010	1	1
A09010	0	1
A09014	1	1
A09025	1	1
A09033	1	1
A09034	1	1
A09039	1	1
A09062	1	1
A09069	0	1
A09077	1	1
A09081	1	0
A10011	0	1
A10016	0	1
A12001	1	1
A12003	1	0
A12022	1	1
A12023	0	1
A12040	1	1
A12052	1	0
A12068	1	1
A12069	1	1
A12077	1	1
A12085	1	0
A12090	1	1
A12108	1	0
A12115	1	1
A12121	0	1
A12138	1	1
A12143	1	0
A12145	1	1
A12150	1	1
A12151	1	0
A12152	1	1
A12169	1	1
A12172	0	1
A12183	1	0
A12189	0	1
A12213	1	1
A12216	1	1
A12227	1	1
A12234	0	1
A12235	1	1
A12242	0	1
A12250	1	1
A12285	0	1
A12291	0	1
A12312	1	1
A12314	1	1
A12331	1	1
A12339	0	1
A12342	1	0
A12361	1	1
A12371	1	1
A12373	1	0
A12375	1	0
A12378	1	1
A12401	1	1
A12449	1	0
A12455	1	1
A12471	1	0
A12480	1	1
A12493	0	1
A12495	1	1
A13010	1	1
A13015	1	1
A14009	1	1
A14012	1	1
A14016	1	1
A15005	0	1
A15012	1	1
A15016	1	0
A17001	1	1
A17005	1	1
A17012	1	1
A17020	0	1
A18031	1	1
A18035	1	1
A18038	1	1
A18055	1	1
A18068	1	1
A18084	1	1
A18100	0	1
A18114	1	1
A18115	1	1
A18123	1	1
A18145	1	1
A18154	1	1
A18158	1	1
A18159	1	1
A18183	0	1
A18186	0	1
A18199	1	1
A18203	1	1
A18206	1	1
A18209	1	1
A18227	1	1
A18231	1	1
A18253	0	1
A18254	1	0
A18256	1	1
A18258	1	1
A18261	1	1
A18283	1	1
A18312	0	1
A18342	1	1
A18352	1	1
A18363	1	1
A18366	1	1
A18375	1	1
A18384	1	1
A18392	1	1
A18406	1	1
A18409	1	1
A18434	1	1
A18438	1	1
A18446	1	1
A18447	1	1
A18457	1	0
A18459	1	1
A18464	1	1
A18480	0	1
A18482	1	1
A18494	1	1
A18495	1	1
A19002	1	1
A19004	1	1
A19005	1	1
A19006	1	1
A19012	1	1
A19017	1	1
A19029	1	1
A19049	0	1
A19053	1	1
A19070	1	1
A19082	0	1
A19096	0	1
A19119	1	0
A19125	1	1
A19130	1	1
A19136	1	1
A19142	1	1
A19146	1	1
A19147	1	1
A19152	1	1
A19175	1	1
A19177	1	1
A19184	1	1
A19189	1	0
A19193	0	1
A19205	1	1
A19227	1	1
A19237	1	1
A19240	1	1
A19249	1	1
A19251	1	1
A19257	1	1
A19260	0	1
A19275	1	1
A19283	1	1
A19286	1	1
A19300	1	0
A19327	1	1
A19330	1	1
A19337	1	1
A19341	1	1
A19354	0	1
A19357	1	1
A19361	1	1
A19368	1	1
A19377	1	1
A19407	1	1
A19420	0	1
A19459	0	1
A19461	1	1
A19466	1	1
A20020	1	1
A20026	1	0
A20028	1	1
A20047	1	0
A20049	1	1
A20050	1	1
A20071	1	1
A20074	1	1
A20079	1	1
A20084	1	1
A20094	1	1
A20108	1	1
A20141	1	0
A20168	1	1
A20176	0	1
A20181	1	1
A20184	1	1
A20185	1	1
A20194	1	1
A20195	1	1
A20201	0	1
A20203	1	1
A20206	1	1
A20222	1	1
A20226	1	1
A20237	1	1
A20250	1	0
A20268	1	1
A20271	0	1
A20279	1	1
A20330	1	1
A20331	1	1
A20338	0	1
A20342	0	1
A20349	1	1
A20350	1	1
A20352	1	1
A20362	1	1
A20374	1	1
A20386	1	1
A20390	1	1
A20392	1	1
A20399	1	1
A20435	0	1
A20441	0	1
A20443	0	1
A20444	0	1
A20447	0	1
A20452	1	1
A20461	1	1
A20462	1	1
A20481	1	1
A20483	0	1
A20490	1	1
A21007	0	1
A21009	1	1
A21013	1	0
A21014	1	1
A21019	1	1
A21024	1	1
A21035	1	1
A21039	1	1
A21040	0	1
A21058	1	1
A21074	0	1
A21075	1	1
A21094	1	1
A21127	1	1
A21135	1	1
A21150	0	1
A21156	1	1
A21159	1	1
A21160	1	1
A21172	1	1
A21175	1	1
A21191	1	1
A21196	1	1
A21198	1	1
A21245	0	1
A21269	0	1
A21282	1	1
A21293	1	1
A21300	1	0
A21304	1	1
A21305	0	1
A21314	0	1
A21315	1	1
A21325	1	1
A21332	1	1
A21333	1	1
A21346	0	1
A21355	1	1
A21366	1	0
A21376	0	1
A21384	1	1
A21413	1	0
A21424	1	1
A21444	1	1
A21448	1	1
A21463	1	1
A21472	1	1
A21477	1	0
A21479	1	0
A22012	1	1
A22016	1	1
A22023	0	1
A22035	1	1
A22037	1	1
A22042	1	1
A22050	1	1
A22051	1	1
A22061	0	1
A22080	1	0
A22084	1	1
A22093	1	1
A22094	1	1
A22097	1	1
A22106	1	1
A22113	1	1
A22129	1	1
A22139	1	1
A22144	1	1
A22156	1	1
A22159	1	1
A22160	1	1
A22165	1	1
A22169	1	1
A22176	1	1
A22177	1	1
A22201	1	1
A22228	1	1
A22232	1	1
A22251	1	1
A22280	1	1
A22296	0	1
A22320	1	1
A22322	1	1
A22333	1	1
A22346	1	1
A22369	1	1
A22373	1	1
A22403	1	1
A22406	1	1
A22407	1	1
A22438	1	0
A22442	1	1
A22451	1	1
A22452	1	1
A22456	1	1
A22462	0	1
A22465	1	1
A22466	1	0
A22476	1	1
A22478	1	1
A23007	0	1
A23021	1	0
A23038	1	0
A23042	1	1
A23057	1	0
A23075	1	1
A23106	1	1
A23109	1	1
A23112	1	1
A23116	1	1
A23118	1	0
A23119	1	1
A23140	0	1
A23162	1	0
A23163	1	1
A23174	0	1
A23179	0	1
A23189	1	1
A23201	1	1
A23210	1	1
A23222	1	1
A23240	1	0
A23244	1	0
A23245	1	1
A23251	0	1
A23253	0	1
A23267	1	1
A23299	1	1
A23304	1	1
A23316	1	1
A23325	1	1
A23331	1	1
A23341	0	1
A23356	1	1
A23370	1	0
A23378	1	1
A23388	1	1
A23395	1	0
A23420	0	1
A23424	0	1
A23428	1	1
A23434	1	1
A23457	0	1
A23464	1	1
A23480	0	1
A23487	0	1
A24010	1	1
A24012	1	1
A24028	0	1
A24060	0	1
A24061	1	1
A24072	1	1
A24076	1	0
A24090	1	1
A24107	1	0
A24111	1	1
A24116	1	1
A24125	0	1
A24137	1	1
A24141	1	1
A24144	1	1
A24152	0	1
A24155	1	0
A24159	1	1
A24166	1	1
A24181	0	1
A24212	1	1
A24239	1	1
A24246	1	1
A24256	1	1
A24275	1	1
A24276	1	1
A24281	1	1
A24282	1	1
A24296	1	1
A24299	0	1
A24310	1	1
A24317	1	1
A24319	1	1
A24325	0	1
A24342	1	1
A24347	1	1
A24348	1	1
A24351	1	1
A24360	1	1
A24361	1	1
A24376	1	1
A24377	1	1
A24388	1	1
A24389	0	1
A24417	1	1
A24422	1	0
A24428	0	1
A24433	1	1
A24476	1	0
A24484	1	1
A24500	1	0
A25019	1	1
A25024	1	1
A25037	1	0
A25049	1	1
A25053	1	1
A25061	0	1
A25068	1	1
A25071	0	1
A25088	1	1
A25089	1	0
A25091	1	0
A25103	0	1
A25104	1	1
A25119	0	1
A25138	1	1
A25146	1	1
A25157	1	1
A25178	0	1
A25187	1	1
A25190	1	1
A25192	1	1
A25194	1	1
A25197	1	0
A25201	1	1
A25211	1	1
A25214	1	1
A25226	1	0
A25239	1	1
A25250	0	1
A25291	0	1
A25297	0	1
A25305	1	0
A25309	1	1
A25323	1	1
A25355	1	1
A25356	1	0
A25362	1	1
A25376	1	1
A25390	1	1
A25398	0	1
A25430	1	1
A25432	1	1
A25436	0	1
A25437	1	0
A25465	1	1
A25466	1	1
A25469	1	1
A25476	1	1
A25480	1	1
A25486	1	1
A25493	1	1
A25494	1	1
B28001	1	1
B28002	1	0
B28003	1	1
B28004	1	0
B28005	0	1
B28006	1	1
B28007	1	0
B28008	1	1
B28009	0	1
B28010	1	1
B28011	0	1
B28012	1	1
B28013	1	1
B28014	0	1
B28015	1	1
B28016	1	1
B28017	0	1
B28018	1	1
B28019	0	1
B28020	0	1
B28021	0	1
B28022	1	1
B28023	1	1
B28024	0	1
B28025	0	1
B28026	1	0
B28027	0	1
B28028	0	1
B28029	0	1
B28030	0	1
B28031	0	1
B28032	0	1
B28033	0	1
B28034	0	1
B28035	1	1
B28036	1	0
B28037	0	1
B28038	1	1
B28039	1	0
B28040	1	0
B28041	0	1
B28042	0	1
B28043	0	1
B28044	1	0
B28045	1	0
B28046	1	1
B28047	1	1
B28048	0	1
B28049	0	1
B28050	0	1
C26001	1	0
C26002	1	0
C26003	1	0
C26004	1	1
C26005	1	0
C26006	1	1
C26007	1	1
C26008	1	0
C26009	0	1
C26010	1	1
C26011	1	1
C26012	0	1
C26013	0	1
C26014	0	1
C26015	1	1
C26016	1	1
C26017	1	1
C26018	0	1
C26019	1	1
C26020	1	0
C26021	1	1
C26022	1	1
C26023	0	1
C26024	1	1
C26025	1	0
C26026	1	0
C26027	1	1
C26028	1	0
C26029	0	1
C26030	1	1
C26031	0	1
C26032	1	0
C26033	1	1
C26034	1	1
C26035	0	1
C26036	0	1
C26037	1	1
C26038	1	0
C26039	1	1
C26040	1	1
C26041	1	0
C26042	1	1
C26043	1	1
C26044	1	1
C26045	1	0
C26046	0	1
C26047	1	1
C26048	1	1
C26049	1	1
C26050	1	1
C26051	1	1
C26052	1	1
C26053	1	1
C26054	1	1
C26055	1	1
C26056	1	1
C26057	0	1
C26058	1	1
C26059	1	1
C26060	1	1
C26061	0	1
C26062	1	0
C26063	1	1
C26064	0	1
C26065	0	1
C26066	1	1
C26067	1	1
C26068	1	1
C26069	1	1
C26070	1	1
C26071	1	1
C26072	1	1
C26073	1	1
C26074	0	1
C26075	0	1
C26076	1	1
C26077	1	1
C26078	1	1
C26079	1	1
C26080	1	1
C26081	1	1
C26082	1	0
C26083	1	0
C26084	0	1
C26085	0	1
C26086	1	0
C26087	1	1
C26088	1	1
C26089	1	1
C26090	1	1
C26091	1	0
C26092	0	1
C26093	0	1
C26094	0	1
C26095	0	1
C26096	0	1
C26097	1	1
C26098	1	0
C26099	1	1
C26100	1	0
D27001	0	1
D27002	1	0
D27003	0	1
D27004	1	1
D27005	0	1
D27006	0	1
D27007	1	1
D27008	0	1
D27009	1	1
D27010	0	1
D27011	0	1
D27012	0	1
D27013	0	1
D27014	1	1
D27015	0	1
D27016	1	1
D27017	1	1
D27018	1	0
D27019	1	1
D27020	1	0
D27021	1	1
D27022	1	0
D27023	1	1
D27024	0	1
D27025	0	1
D27026	0	1
D27027	0	1
D27028	1	1
D27029	1	1
D27030	0	1
D27031	0	1
D27032	0	1
D27033	0	1
D27034	0	1
D27035	0	1
D27036	0	1
D27037	1	1
D27038	0	1
D27039	1	0
D27040	0	1
D27041	1	1
D27042	0	1
D27043	0	1
D27044	0	1
D27045	1	1
D27046	1	1
D27047	0	1
D27048	1	0
D27049	1	0
D27050	1	1
D27051	1	1
D27052	0	1
D27053	0	1
D27054	0	1
D27055	1	0
D27056	1	0
D27057	0	1
D27058	1	0
D27059	1	0
D27060	0	1
D27061	0	1
D27062	1	1
D27063	0	1
D27064	0	1
D27065	1	1
D27066	0	1
D27067	0	1
D27068	0	1
D27069	1	1
D27070	1	1
D27071	1	0
D27072	1	0
D27073	1	1
D27074	1	1
D27075	1	0
D27076	1	0
D27077	1	0
D27078	1	0
D27079	1	0
D27080	1	0
D27081	1	0
D27082	0	1
D27083	1	0
D27084	1	1
D27085	1	1
D27086	0	1
D27087	1	1
D27088	1	1
D27089	1	0
D27090	1	1
D27091	1	1
D27092	1	0
D27093	1	1
D27094	0	1
D27095	1	0
D27096	1	0
D27097	0	1
D27098	0	1
D27099	1	1
D27100	0	1
